season,raceId,lap,driverId,lap_time_ms
2013,8,1,hamilton,102428
2013,8,1,vettel,103277
2013,8,1,rosberg,104157
2013,8,1,sutil,105265
2013,8,1,massa,106125
2013,8,1,raikkonen,106556
2013,8,1,ricciardo,107013
2013,8,1,grosjean,107561
2013,8,1,alonso,107989
2013,8,1,button,108470
2013,8,1,perez,108859
2013,8,1,hulkenberg,109352
2013,8,1,gutierrez,109862
2013,8,1,webber,110350
2013,8,1,maldonado,111328
2013,8,1,vergne,111814
2013,8,1,bottas,112278
2013,8,1,resta,112609
2013,8,1,pic,113289
2013,8,1,chilton,113987
2013,8,1,jules_bianchi,114433
2013,8,1,garde,114978
2013,8,2,hamilton,98760
2013,8,2,vettel,99127
2013,8,2,rosberg,99451
2013,8,2,sutil,99914
2013,8,2,massa,99881
2013,8,2,raikkonen,100300
2013,8,2,ricciardo,100478
2013,8,2,alonso,100172
2013,8,2,grosjean,101195
2013,8,2,button,100919
2013,8,2,perez,101097
2013,8,2,hulkenberg,101214
2013,8,2,webber,100747
2013,8,2,gutierrez,101988
2013,8,2,maldonado,102477
2013,8,2,vergne,102155
2013,8,2,resta,102066
2013,8,2,bottas,103540
2013,8,2,pic,103652
2013,8,2,jules_bianchi,104617
2013,8,2,chilton,105382
2013,8,2,garde,105227
2013,8,3,hamilton,98384
2013,8,3,vettel,98741
2013,8,3,rosberg,98900
2013,8,3,sutil,99325
2013,8,3,massa,99260
2013,8,3,raikkonen,99236
2013,8,3,ricciardo,99197
2013,8,3,alonso,99222
2013,8,3,grosjean,99413
2013,8,3,button,99743
2013,8,3,perez,99906
2013,8,3,webber,99329
2013,8,3,hulkenberg,100624
2013,8,3,gutierrez,100169
2013,8,3,maldonado,101405
2013,8,3,vergne,101625
2013,8,3,resta,101372
2013,8,3,bottas,101853
2013,8,3,pic,102905
2013,8,3,jules_bianchi,102286
2013,8,3,chilton,102650
2013,8,3,garde,103552
2013,8,4,hamilton,98249
2013,8,4,vettel,98660
2013,8,4,rosberg,98586
2013,8,4,sutil,99145
2013,8,4,massa,99125
2013,8,4,raikkonen,98953
2013,8,4,ricciardo,99231
2013,8,4,alonso,99224
2013,8,4,grosjean,99163
2013,8,4,button,99869
2013,8,4,perez,99819
2013,8,4,webber,99744
2013,8,4,hulkenberg,99896
2013,8,4,gutierrez,99906
2013,8,4,vergne,100379
2013,8,4,resta,100992
2013,8,4,maldonado,102102
2013,8,4,bottas,101600
2013,8,4,pic,103128
2013,8,4,jules_bianchi,102330
2013,8,4,chilton,102873
2013,8,4,garde,103420
2013,8,5,hamilton,98194
2013,8,5,vettel,98409
2013,8,5,rosberg,98459
2013,8,5,sutil,99139
2013,8,5,massa,99059
2013,8,5,raikkonen,99252
2013,8,5,ricciardo,99698
2013,8,5,alonso,99382
2013,8,5,grosjean,99261
2013,8,5,perez,99103
2013,8,5,button,100433
2013,8,5,webber,99867
2013,8,5,hulkenberg,99668
2013,8,5,gutierrez,100322
2013,8,5,vergne,99866
2013,8,5,resta,99805
2013,8,5,maldonado,101320
2013,8,5,bottas,101196
2013,8,5,pic,102197
2013,8,5,jules_bianchi,102001
2013,8,5,chilton,102844
2013,8,5,garde,103618
2013,8,6,hamilton,98305
2013,8,6,vettel,98210
2013,8,6,rosberg,98561
2013,8,6,sutil,99005
2013,8,6,massa,99268
2013,8,6,raikkonen,99204
2013,8,6,ricciardo,99126
2013,8,6,alonso,99748
2013,8,6,grosjean,99804
2013,8,6,perez,99600
2013,8,6,button,100492
2013,8,6,webber,100458
2013,8,6,hulkenberg,100426
2013,8,6,gutierrez,100797
2013,8,6,vergne,99779
2013,8,6,resta,99776
2013,8,6,maldonado,100796
2013,8,6,bottas,100931
2013,8,6,pic,102105
2013,8,6,jules_bianchi,102186
2013,8,6,chilton,103272
2013,8,6,garde,103664
2013,8,7,hamilton,98170
2013,8,7,vettel,98105
2013,8,7,rosberg,98565
2013,8,7,sutil,99363
2013,8,7,massa,99523
2013,8,7,raikkonen,99291
2013,8,7,ricciardo,99497
2013,8,7,alonso,99389
2013,8,7,grosjean,99468
2013,8,7,perez,99757
2013,8,7,webber,100104
2013,8,7,button,101346
2013,8,7,hulkenberg,100727
2013,8,7,gutierrez,101114
2013,8,7,vergne,99682
2013,8,7,resta,99625
2013,8,7,maldonado,100679
2013,8,7,bottas,100730
2013,8,7,pic,101596
2013,8,7,jules_bianchi,101785
2013,8,7,chilton,102916
2013,8,7,garde,103316
2013,8,8,vettel,98567
2013,8,8,rosberg,98704
2013,8,8,sutil,100076
2013,8,8,massa,99722
2013,8,8,raikkonen,99747
2013,8,8,ricciardo,99672
2013,8,8,alonso,100034
2013,8,8,grosjean,101129
2013,8,8,perez,100596
2013,8,8,webber,100093
2013,8,8,button,100975
2013,8,8,hulkenberg,101513
2013,8,8,gutierrez,101274
2013,8,8,vergne,100719
2013,8,8,resta,100716
2013,8,8,maldonado,100970
2013,8,8,bottas,101515
2013,8,8,hamilton,136481
2013,8,8,pic,101973
2013,8,8,jules_bianchi,102672
2013,8,8,chilton,103285
2013,8,8,garde,103573
2013,8,9,vettel,98309
2013,8,9,rosberg,98609
2013,8,9,sutil,100212
2013,8,9,massa,100216
2013,8,9,raikkonen,100145
2013,8,9,grosjean,96926
2013,8,9,ricciardo,100017
2013,8,9,alonso,99811
2013,8,9,perez,100420
2013,8,9,webber,99931
2013,8,9,button,100626
2013,8,9,hulkenberg,100625
2013,8,9,resta,98298
2013,8,9,vergne,100803
2013,8,9,gutierrez,102017
2013,8,9,maldonado,100913
2013,8,9,bottas,101300
2013,8,9,pic,101780
2013,8,9,jules_bianchi,102207
2013,8,9,chilton,102880
2013,8,9,garde,103103
2013,8,9,hamilton,119767
2013,8,10,vettel,98493
2013,8,10,rosberg,99047
2013,8,10,sutil,99703
2013,8,10,raikkonen,100083
2013,8,10,alonso,98899
2013,8,10,ricciardo,100359
2013,8,10,webber,96763
2013,8,10,perez,99514
2013,8,10,button,100351
2013,8,10,hulkenberg,100138
2013,8,10,gutierrez,98461
2013,8,10,vergne,99826
2013,8,10,grosjean,115394
2013,8,10,maldonado,100966
2013,8,10,bottas,102013
2013,8,10,resta,116037
2013,8,10,pic,101660
2013,8,10,jules_bianchi,101856
2013,8,10,chilton,103474
2013,8,10,garde,101179
2013,8,10,hamilton,98763
2013,8,10,massa,165299
2013,8,11,vettel,98625
2013,8,11,rosberg,98872
2013,8,11,raikkonen,97157
2013,8,11,sutil,99537
2013,8,11,ricciardo,98054
2013,8,11,perez,99434
2013,8,11,button,98333
2013,8,11,hulkenberg,100113
2013,8,11,vergne,99617
2013,8,11,grosjean,97960
2013,8,11,alonso,113871
2013,8,11,maldonado,100814
2013,8,11,bottas,101317
2013,8,11,webber,121025
2013,8,11,resta,98621
2013,8,11,gutierrez,116196
2013,8,11,pic,101630
2013,8,11,jules_bianchi,100048
2013,8,11,chilton,103159
2013,8,11,hamilton,99387
2013,8,11,garde,121340
2013,8,11,massa,125338
2013,8,12,vettel,98639
2013,8,12,rosberg,96528
2013,8,12,sutil,96895
2013,8,12,perez,99456
2013,8,12,hulkenberg,97155
2013,8,12,vergne,99397
2013,8,12,alonso,98411
2013,8,12,grosjean,99412
2013,8,12,raikkonen,117103
2013,8,12,ricciardo,120418
2013,8,12,maldonado,101478
2013,8,12,webber,97376
2013,8,12,button,114994
2013,8,12,resta,99158
2013,8,12,bottas,102671
2013,8,12,gutierrez,99117
2013,8,12,pic,101575
2013,8,12,hamilton,99114
2013,8,12,chilton,102217
2013,8,12,jules_bianchi,117046
2013,8,12,garde,102427
2013,8,12,massa,97956
2013,8,13,vettel,96432
2013,8,13,rosberg,114712
2013,8,13,perez,97245
2013,8,13,sutil,115423
2013,8,13,alonso,97987
2013,8,13,vergne,100559
2013,8,13,grosjean,100072
2013,8,13,raikkonen,100055
2013,8,13,ricciardo,98353
2013,8,13,webber,97165
2013,8,13,button,98427
2013,8,13,maldonado,102652
2013,8,13,resta,99143
2013,8,13,gutierrez,100109
2013,8,13,hulkenberg,120770
2013,8,13,bottas,103926
2013,8,13,pic,101270
2013,8,13,hamilton,98980
2013,8,13,jules_bianchi,100051
2013,8,13,chilton,119647
2013,8,13,garde,102817
2013,8,13,massa,97847
2013,8,14,vettel,113507
2013,8,14,rosberg,96743
2013,8,14,sutil,97715
2013,8,14,alonso,97471
2013,8,14,raikkonen,100410
2013,8,14,grosjean,101370
2013,8,14,ricciardo,98569
2013,8,14,perez,115567
2013,8,14,webber,97915
2013,8,14,button,98486
2013,8,14,vergne,108802
2013,8,14,resta,99649
2013,8,14,maldonado,101981
2013,8,14,gutierrez,99174
2013,8,14,hulkenberg,98809
2013,8,14,bottas,101625
2013,8,14,pic,101441
2013,8,14,hamilton,98922
2013,8,14,jules_bianchi,100158
2013,8,14,chilton,102977
2013,8,14,garde,102994
2013,8,14,massa,98234
2013,8,15,vettel,96698
2013,8,15,rosberg,96773
2013,8,15,sutil,97764
2013,8,15,alonso,97736
2013,8,15,raikkonen,98099
2013,8,15,grosjean,99137
2013,8,15,ricciardo,98710
2013,8,15,perez,98476
2013,8,15,webber,99656
2013,8,15,button,99192
2013,8,15,resta,100140
2013,8,15,maldonado,103938
2013,8,15,hulkenberg,105196
2013,8,15,gutierrez,106468
2013,8,15,bottas,106165
2013,8,15,pic,106689
2013,8,15,hamilton,107090
2013,8,15,vergne,130365
2013,8,15,jules_bianchi,113101
2013,8,15,chilton,116240
2013,8,15,garde,115261
2013,8,15,massa,120207
2013,8,16,vettel,119982
2013,8,16,rosberg,120236
2013,8,16,sutil,124101
2013,8,16,alonso,125675
2013,8,16,raikkonen,124443
2013,8,16,grosjean,124165
2013,8,16,ricciardo,125740
2013,8,16,perez,125633
2013,8,16,webber,124583
2013,8,16,button,124100
2013,8,16,resta,125526
2013,8,16,hulkenberg,123154
2013,8,16,gutierrez,124286
2013,8,16,hamilton,123271
2013,8,16,maldonado,142644
2013,8,16,vergne,125436
2013,8,16,bottas,138438
2013,8,16,pic,143430
2013,8,16,jules_bianchi,126625
2013,8,16,chilton,125661
2013,8,16,garde,125283
2013,8,16,massa,122101
2013,8,17,vettel,150137
2013,8,17,rosberg,148199
2013,8,17,sutil,133830
2013,8,17,alonso,133622
2013,8,17,raikkonen,129917
2013,8,17,grosjean,129464
2013,8,17,ricciardo,127345
2013,8,17,perez,128139
2013,8,17,webber,128251
2013,8,17,button,128025
2013,8,17,resta,121978
2013,8,17,hulkenberg,116836
2013,8,17,gutierrez,116012
2013,8,17,hamilton,104638
2013,8,17,maldonado,105433
2013,8,17,vergne,103243
2013,8,17,bottas,106503
2013,8,17,pic,104113
2013,8,17,jules_bianchi,104748
2013,8,17,chilton,107455
2013,8,17,garde,106579
2013,8,17,massa,115775
2013,8,18,vettel,159769
2013,8,18,rosberg,159514
2013,8,18,sutil,159325
2013,8,18,alonso,157717
2013,8,18,raikkonen,157055
2013,8,18,grosjean,157054
2013,8,18,ricciardo,157453
2013,8,18,perez,157285
2013,8,18,webber,157534
2013,8,18,button,157321
2013,8,18,resta,157489
2013,8,18,hulkenberg,157016
2013,8,18,gutierrez,156924
2013,8,18,hamilton,156516
2013,8,18,maldonado,154665
2013,8,18,vergne,153626
2013,8,18,bottas,151407
2013,8,18,pic,145480
2013,8,18,jules_bianchi,143935
2013,8,18,chilton,121913
2013,8,18,garde,121941
2013,8,18,massa,101827
2013,8,19,vettel,163802
2013,8,19,rosberg,163661
2013,8,19,sutil,163916
2013,8,19,alonso,163903
2013,8,19,raikkonen,164249
2013,8,19,grosjean,164300
2013,8,19,ricciardo,164005
2013,8,19,perez,163780
2013,8,19,webber,163850
2013,8,19,button,163778
2013,8,19,resta,163957
2013,8,19,hulkenberg,164199
2013,8,19,gutierrez,163780
2013,8,19,hamilton,164184
2013,8,19,maldonado,164294
2013,8,19,vergne,164382
2013,8,19,bottas,163771
2013,8,19,pic,164380
2013,8,19,jules_bianchi,163185
2013,8,19,chilton,164162
2013,8,19,garde,163701
2013,8,19,massa,161968
2013,8,20,vettel,156714
2013,8,20,rosberg,157458
2013,8,20,sutil,157022
2013,8,20,alonso,157067
2013,8,20,raikkonen,157275
2013,8,20,grosjean,157126
2013,8,20,ricciardo,157670
2013,8,20,perez,158017
2013,8,20,webber,157184
2013,8,20,button,157171
2013,8,20,resta,157355
2013,8,20,hulkenberg,157262
2013,8,20,gutierrez,158085
2013,8,20,hamilton,157012
2013,8,20,maldonado,158422
2013,8,20,vergne,157903
2013,8,20,bottas,158234
2013,8,20,pic,158572
2013,8,20,jules_bianchi,159007
2013,8,20,chilton,158537
2013,8,20,garde,158918
2013,8,20,massa,158661
2013,8,21,vettel,151957
2013,8,21,rosberg,151455
2013,8,21,sutil,151569
2013,8,21,alonso,151348
2013,8,21,raikkonen,150664
2013,8,21,grosjean,150322
2013,8,21,ricciardo,149652
2013,8,21,perez,149086
2013,8,21,webber,149081
2013,8,21,button,148302
2013,8,21,resta,147589
2013,8,21,hulkenberg,147550
2013,8,21,gutierrez,146757
2013,8,21,hamilton,146564
2013,8,21,maldonado,144461
2013,8,21,vergne,144482
2013,8,21,bottas,143770
2013,8,21,pic,142533
2013,8,21,jules_bianchi,141628
2013,8,21,chilton,140803
2013,8,21,massa,139357
2013,8,21,garde,140540
2013,8,22,vettel,97417
2013,8,22,rosberg,97721
2013,8,22,sutil,98802
2013,8,22,alonso,98808
2013,8,22,raikkonen,98834
2013,8,22,grosjean,99171
2013,8,22,ricciardo,99285
2013,8,22,webber,99036
2013,8,22,perez,99799
2013,8,22,button,99761
2013,8,22,resta,100324
2013,8,22,hulkenberg,100396
2013,8,22,gutierrez,100463
2013,8,22,hamilton,100479
2013,8,22,maldonado,100724
2013,8,22,vergne,100822
2013,8,22,bottas,101104
2013,8,22,massa,99842
2013,8,22,pic,102056
2013,8,22,jules_bianchi,102689
2013,8,22,chilton,103776
2013,8,22,garde,103324
2013,8,23,vettel,96634
2013,8,23,rosberg,96732
2013,8,23,sutil,97533
2013,8,23,alonso,97846
2013,8,23,raikkonen,98033
2013,8,23,grosjean,97943
2013,8,23,ricciardo,98045
2013,8,23,webber,98169
2013,8,23,perez,98333
2013,8,23,button,98814
2013,8,23,resta,99028
2013,8,23,hulkenberg,99328
2013,8,23,gutierrez,99459
2013,8,23,hamilton,99547
2013,8,23,maldonado,99874
2013,8,23,vergne,100204
2013,8,23,bottas,100269
2013,8,23,massa,99904
2013,8,23,pic,100452
2013,8,23,jules_bianchi,100654
2013,8,23,chilton,102167
2013,8,23,garde,102096
2013,8,24,vettel,96273
2013,8,24,rosberg,96829
2013,8,24,sutil,97479
2013,8,24,alonso,97486
2013,8,24,raikkonen,97477
2013,8,24,grosjean,97616
2013,8,24,ricciardo,97771
2013,8,24,webber,97718
2013,8,24,perez,97822
2013,8,24,button,98093
2013,8,24,resta,98304
2013,8,24,hulkenberg,98540
2013,8,24,hamilton,98256
2013,8,24,gutierrez,99652
2013,8,24,maldonado,99470
2013,8,24,vergne,99804
2013,8,24,bottas,99833
2013,8,24,massa,99773
2013,8,24,pic,99889
2013,8,24,jules_bianchi,100305
2013,8,24,garde,101301
2013,8,24,chilton,102344
2013,8,25,vettel,96345
2013,8,25,rosberg,96474
2013,8,25,sutil,97384
2013,8,25,alonso,97983
2013,8,25,raikkonen,97838
2013,8,25,grosjean,97719
2013,8,25,ricciardo,97738
2013,8,25,webber,97881
2013,8,25,perez,98024
2013,8,25,button,98356
2013,8,25,hulkenberg,96183
2013,8,25,resta,98547
2013,8,25,hamilton,97928
2013,8,25,gutierrez,98986
2013,8,25,maldonado,99444
2013,8,25,vergne,100086
2013,8,25,massa,99112
2013,8,25,bottas,100246
2013,8,25,pic,100443
2013,8,25,jules_bianchi,100588
2013,8,25,garde,102150
2013,8,25,chilton,102170
2013,8,26,vettel,96410
2013,8,26,rosberg,96795
2013,8,26,sutil,97857
2013,8,26,alonso,97607
2013,8,26,raikkonen,97815
2013,8,26,grosjean,98055
2013,8,26,ricciardo,97773
2013,8,26,webber,97810
2013,8,26,perez,97969
2013,8,26,button,98179
2013,8,26,resta,98387
2013,8,26,hamilton,97947
2013,8,26,gutierrez,98779
2013,8,26,maldonado,98925
2013,8,26,massa,98031
2013,8,26,bottas,98931
2013,8,26,pic,99740
2013,8,26,jules_bianchi,100460
2013,8,26,hulkenberg,115582
2013,8,26,garde,101730
2013,8,26,chilton,101841
2013,8,26,vergne,116977
2013,8,27,vettel,96516
2013,8,27,rosberg,97328
2013,8,27,sutil,98401
2013,8,27,alonso,97950
2013,8,27,raikkonen,98060
2013,8,27,grosjean,98434
2013,8,27,ricciardo,98276
2013,8,27,webber,98284
2013,8,27,perez,97841
2013,8,27,button,98258
2013,8,27,resta,98556
2013,8,27,hamilton,98156
2013,8,27,gutierrez,99666
2013,8,27,maldonado,99742
2013,8,27,massa,98988
2013,8,27,bottas,99270
2013,8,27,pic,100031
2013,8,27,hulkenberg,97819
2013,8,27,jules_bianchi,100960
2013,8,27,garde,102969
2013,8,27,chilton,102755
2013,8,27,vergne,99183
2013,8,28,vettel,96755
2013,8,28,rosberg,97468
2013,8,28,sutil,98568
2013,8,28,alonso,98597
2013,8,28,raikkonen,98494
2013,8,28,ricciardo,97927
2013,8,28,grosjean,99427
2013,8,28,webber,98743
2013,8,28,perez,98672
2013,8,28,button,98434
2013,8,28,resta,98362
2013,8,28,hamilton,98406
2013,8,28,maldonado,99025
2013,8,28,massa,99232
2013,8,28,bottas,99435
2013,8,28,hulkenberg,97617
2013,8,28,pic,100663
2013,8,28,jules_bianchi,100652
2013,8,28,gutierrez,118435
2013,8,28,garde,100119
2013,8,28,vergne,100862
2013,8,28,chilton,102727
2013,8,29,vettel,97349
2013,8,29,rosberg,96918
2013,8,29,raikkonen,95815
2013,8,29,sutil,97973
2013,8,29,alonso,98079
2013,8,29,ricciardo,97970
2013,8,29,webber,97945
2013,8,29,grosjean,99569
2013,8,29,perez,98977
2013,8,29,button,98151
2013,8,29,resta,98249
2013,8,29,hamilton,98335
2013,8,29,massa,97991
2013,8,29,maldonado,99632
2013,8,29,bottas,99139
2013,8,29,hulkenberg,97001
2013,8,29,pic,99510
2013,8,29,jules_bianchi,99882
2013,8,29,gutierrez,98401
2013,8,29,vergne,98429
2013,8,29,chilton,100867
2013,8,29,garde,119659
2013,8,30,vettel,97269
2013,8,30,rosberg,96872
2013,8,30,alonso,95720
2013,8,30,sutil,97943
2013,8,30,ricciardo,97676
2013,8,30,webber,97164
2013,8,30,grosjean,96376
2013,8,30,perez,98595
2013,8,30,button,98220
2013,8,30,resta,97914
2013,8,30,hamilton,97840
2013,8,30,raikkonen,112515
2013,8,30,massa,97880
2013,8,30,maldonado,98924
2013,8,30,bottas,98820
2013,8,30,hulkenberg,97520
2013,8,30,pic,99436
2013,8,30,jules_bianchi,100102
2013,8,30,vergne,98370
2013,8,30,chilton,100723
2013,8,30,gutierrez,122291
2013,8,30,garde,100939
2013,8,31,vettel,96661
2013,8,31,rosberg,96930
2013,8,31,sutil,98080
2013,8,31,webber,95085
2013,8,31,ricciardo,97753
2013,8,31,perez,97754
2013,8,31,button,98342
2013,8,31,resta,98439
2013,8,31,hamilton,98141
2013,8,31,raikkonen,96584
2013,8,31,alonso,112826
2013,8,31,massa,97980
2013,8,31,maldonado,98849
2013,8,31,grosjean,115280
2013,8,31,hulkenberg,98202
2013,8,31,bottas,100340
2013,8,31,pic,99306
2013,8,31,jules_bianchi,99958
2013,8,31,vergne,98717
2013,8,31,chilton,100527
2013,8,31,gutierrez,96697
2013,8,31,garde,100807
2013,8,32,vettel,96742
2013,8,32,rosberg,96685
2013,8,32,ricciardo,95542
2013,8,32,sutil,98213
2013,8,32,perez,97053
2013,8,32,button,95853
2013,8,32,resta,98297
2013,8,32,hamilton,98276
2013,8,32,raikkonen,96537
2013,8,32,alonso,96204
2013,8,32,webber,111978
2013,8,32,massa,98182
2013,8,32,grosjean,97807
2013,8,32,maldonado,99824
2013,8,32,hulkenberg,98171
2013,8,32,bottas,99558
2013,8,32,pic,99337
2013,8,32,jules_bianchi,100176
2013,8,32,vergne,98758
2013,8,32,chilton,99293
2013,8,32,gutierrez,96439
2013,8,32,garde,100941
2013,8,33,vettel,97527
2013,8,33,rosberg,97293
2013,8,33,sutil,95684
2013,8,33,perez,95146
2013,8,33,resta,95847
2013,8,33,raikkonen,97279
2013,8,33,alonso,97176
2013,8,33,hamilton,99340
2013,8,33,webber,95418
2013,8,33,massa,97718
2013,8,33,ricciardo,116140
2013,8,33,grosjean,97389
2013,8,33,button,113005
2013,8,33,maldonado,99414
2013,8,33,hulkenberg,99447
2013,8,33,bottas,99358
2013,8,33,pic,99309
2013,8,33,jules_bianchi,97990
2013,8,33,vergne,98875
2013,8,33,gutierrez,97423
2013,8,33,garde,101017
2013,8,33,chilton,119913
2013,8,34,vettel,96491
2013,8,34,rosberg,94861
2013,8,34,raikkonen,95453
2013,8,34,alonso,96000
2013,8,34,webber,95569
2013,8,34,hamilton,97807
2013,8,34,sutil,114989
2013,8,34,ricciardo,96084
2013,8,34,massa,98264
2013,8,34,perez,114086
2013,8,34,grosjean,97458
2013,8,34,button,97570
2013,8,34,maldonado,98756
2013,8,34,hulkenberg,98785
2013,8,34,resta,115105
2013,8,34,bottas,99558
2013,8,34,pic,97236
2013,8,34,vergne,98979
2013,8,34,jules_bianchi,116605
2013,8,34,gutierrez,97872
2013,8,34,garde,100168
2013,8,34,chilton,99945
2013,8,35,vettel,94486
2013,8,35,rosberg,112766
2013,8,35,raikkonen,96053
2013,8,35,webber,95552
2013,8,35,alonso,97196
2013,8,35,hamilton,97278
2013,8,35,sutil,95961
2013,8,35,ricciardo,95994
2013,8,35,perez,97222
2013,8,35,massa,98769
2013,8,35,grosjean,96920
2013,8,35,button,96934
2013,8,35,maldonado,98470
2013,8,35,resta,97874
2013,8,35,hulkenberg,99238
2013,8,35,bottas,99416
2013,8,35,vergne,98551
2013,8,35,pic,117458
2013,8,35,gutierrez,98499
2013,8,35,jules_bianchi,99490
2013,8,35,garde,100391
2013,8,35,chilton,100317
2013,8,36,vettel,111680
2013,8,36,rosberg,94371
2013,8,36,raikkonen,96141
2013,8,36,webber,95613
2013,8,36,alonso,96565
2013,8,36,hamilton,95261
2013,8,36,sutil,96280
2013,8,36,ricciardo,96215
2013,8,36,perez,96285
2013,8,36,massa,97436
2013,8,36,grosjean,97449
2013,8,36,button,98100
2013,8,36,resta,97583
2013,8,36,maldonado,99214
2013,8,36,hulkenberg,98538
2013,8,36,bottas,99345
2013,8,36,pic,98164
2013,8,36,gutierrez,96894
2013,8,36,jules_bianchi,98393
2013,8,36,garde,100489
2013,8,36,chilton,100489
2013,8,37,vettel,95018
2013,8,37,rosberg,95089
2013,8,37,raikkonen,95930
2013,8,37,webber,95718
2013,8,37,alonso,96491
2013,8,37,sutil,96327
2013,8,37,ricciardo,95927
2013,8,37,perez,96131
2013,8,37,grosjean,96911
2013,8,37,button,96439
2013,8,37,maldonado,95818
2013,8,37,resta,97699
2013,8,37,hulkenberg,95868
2013,8,37,hamilton,114476
2013,8,37,bottas,99438
2013,8,37,massa,113275
2013,8,37,pic,98231
2013,8,37,gutierrez,97589
2013,8,37,jules_bianchi,98611
2013,8,37,garde,100840
2013,8,37,chilton,100682
2013,8,38,vettel,95266
2013,8,38,rosberg,94892
2013,8,38,raikkonen,96370
2013,8,38,webber,96374
2013,8,38,alonso,96479
2013,8,38,sutil,96532
2013,8,38,ricciardo,96377
2013,8,38,perez,96625
2013,8,38,button,96978
2013,8,38,grosjean,98927
2013,8,38,hamilton,95253
2013,8,38,resta,97316
2013,8,38,massa,96244
2013,8,38,bottas,97907
2013,8,38,maldonado,115430
2013,8,38,hulkenberg,115369
2013,8,38,pic,98741
2013,8,38,gutierrez,97383
2013,8,38,jules_bianchi,98364
2013,8,38,garde,101651
2013,8,38,chilton,101495
2013,8,39,vettel,95867
2013,8,39,rosberg,95335
2013,8,39,raikkonen,96539
2013,8,39,webber,96737
2013,8,39,alonso,96173
2013,8,39,sutil,96608
2013,8,39,ricciardo,96576
2013,8,39,perez,96149
2013,8,39,button,96356
2013,8,39,grosjean,97812
2013,8,39,hamilton,95530
2013,8,39,resta,97211
2013,8,39,massa,96323
2013,8,39,maldonado,96393
2013,8,39,hulkenberg,96444
2013,8,39,pic,98716
2013,8,39,gutierrez,98071
2013,8,39,jules_bianchi,98553
2013,8,39,bottas,124050
2013,8,39,garde,101465
2013,8,39,chilton,101423
2013,8,40,vettel,95173
2013,8,40,rosberg,95594
2013,8,40,raikkonen,96757
2013,8,40,webber,96997
2013,8,40,alonso,96179
2013,8,40,sutil,96866
2013,8,40,ricciardo,97038
2013,8,40,perez,96748
2013,8,40,button,96531
2013,8,40,hamilton,95536
2013,8,40,grosjean,98376
2013,8,40,resta,97618
2013,8,40,massa,96106
2013,8,40,maldonado,96142
2013,8,40,hulkenberg,96593
2013,8,40,gutierrez,95805
2013,8,40,pic,98559
2013,8,40,bottas,96571
2013,8,40,jules_bianchi,98790
2013,8,40,garde,100432
2013,8,40,chilton,101038
2013,8,41,rosberg,96595
2013,8,41,raikkonen,96639
2013,8,41,alonso,94386
2013,8,41,webber,96508
2013,8,41,vettel,119965
2013,8,41,sutil,96306
2013,8,41,ricciardo,96305
2013,8,41,perez,96420
2013,8,41,button,96513
2013,8,41,hamilton,95734
2013,8,41,grosjean,97783
2013,8,41,resta,97327
2013,8,41,massa,97628
2013,8,41,maldonado,102184
2013,8,41,hulkenberg,101769
2013,8,41,pic,108700
2013,8,41,bottas,108267
2013,8,41,jules_bianchi,109213
2013,8,41,gutierrez,129710
2013,8,41,chilton,122433
2013,8,41,garde,139444
2013,8,42,rosberg,115778
2013,8,42,webber,115744
2013,8,42,raikkonen,119476
2013,8,42,sutil,119574
2013,8,42,ricciardo,119843
2013,8,42,perez,121691
2013,8,42,button,121472
2013,8,42,alonso,138077
2013,8,42,hamilton,121459
2013,8,42,grosjean,121018
2013,8,42,resta,122904
2013,8,42,massa,121056
2013,8,42,maldonado,123445
2013,8,42,hulkenberg,123461
2013,8,42,pic,127662
2013,8,42,bottas,123833
2013,8,42,jules_bianchi,124613
2013,8,42,gutierrez,125106
2013,8,42,chilton,145846
2013,8,42,garde,135894
2013,8,43,rosberg,161660
2013,8,43,raikkonen,146354
2013,8,43,sutil,139903
2013,8,43,ricciardo,139842
2013,8,43,webber,151956
2013,8,43,perez,135930
2013,8,43,button,134753
2013,8,43,alonso,135345
2013,8,43,hamilton,134753
2013,8,43,grosjean,137719
2013,8,43,massa,130425
2013,8,43,maldonado,114200
2013,8,43,hulkenberg,114781
2013,8,43,resta,139422
2013,8,43,pic,105875
2013,8,43,bottas,106490
2013,8,43,jules_bianchi,103943
2013,8,43,gutierrez,98887
2013,8,43,chilton,124823
2013,8,43,garde,124079
2013,8,44,rosberg,152356
2013,8,44,raikkonen,151699
2013,8,44,sutil,151767
2013,8,44,ricciardo,151804
2013,8,44,webber,151756
2013,8,44,perez,151381
2013,8,44,button,149946
2013,8,44,alonso,149062
2013,8,44,hamilton,148787
2013,8,44,grosjean,144279
2013,8,44,massa,142935
2013,8,44,maldonado,142677
2013,8,44,hulkenberg,141943
2013,8,44,resta,140209
2013,8,44,pic,128037
2013,8,44,bottas,128069
2013,8,44,jules_bianchi,128372
2013,8,44,gutierrez,120721
2013,8,44,chilton,101948
2013,8,44,garde,99610
2013,8,45,rosberg,145931
2013,8,45,raikkonen,145426
2013,8,45,sutil,145033
2013,8,45,ricciardo,144830
2013,8,45,webber,144584
2013,8,45,perez,144543
2013,8,45,button,143942
2013,8,45,alonso,143582
2013,8,45,hamilton,143261
2013,8,45,grosjean,142234
2013,8,45,massa,142112
2013,8,45,resta,140709
2013,8,45,hulkenberg,142557
2013,8,45,maldonado,143590
2013,8,45,pic,141361
2013,8,45,bottas,140854
2013,8,45,jules_bianchi,140410
2013,8,45,gutierrez,139904
2013,8,45,chilton,100528
2013,8,45,garde,99524
2013,8,46,rosberg,96445
2013,8,46,raikkonen,96563
2013,8,46,sutil,96749
2013,8,46,webber,96163
2013,8,46,ricciardo,97315
2013,8,46,alonso,96293
2013,8,46,hamilton,96730
2013,8,46,button,98558
2013,8,46,massa,97166
2013,8,46,grosjean,98167
2013,8,46,resta,96845
2013,8,46,hulkenberg,97289
2013,8,46,maldonado,97504
2013,8,46,bottas,98570
2013,8,46,pic,99989
2013,8,46,gutierrez,98678
2013,8,46,jules_bianchi,100077
2013,8,46,perez,111111
2013,8,46,chilton,100269
2013,8,46,garde,99183
2013,8,47,rosberg,96146
2013,8,47,raikkonen,96264
2013,8,47,webber,95164
2013,8,47,sutil,96959
2013,8,47,alonso,96216
2013,8,47,hamilton,95567
2013,8,47,ricciardo,97140
2013,8,47,massa,95632
2013,8,47,grosjean,96278
2013,8,47,resta,97065
2013,8,47,hulkenberg,97016
2013,8,47,button,99835
2013,8,47,maldonado,97807
2013,8,47,bottas,97270
2013,8,47,gutierrez,96717
2013,8,47,pic,98770
2013,8,47,jules_bianchi,98502
2013,8,47,chilton,99606
2013,8,47,garde,99157
2013,8,48,rosberg,95352
2013,8,48,webber,95084
2013,8,48,raikkonen,96955
2013,8,48,alonso,95233
2013,8,48,sutil,96768
2013,8,48,hamilton,95717
2013,8,48,massa,95521
2013,8,48,ricciardo,97329
2013,8,48,grosjean,95614
2013,8,48,resta,95539
2013,8,48,hulkenberg,96013
2013,8,48,button,97027
2013,8,48,maldonado,97256
2013,8,48,bottas,96980
2013,8,48,gutierrez,96844
2013,8,48,pic,98288
2013,8,48,jules_bianchi,97995
2013,8,48,chilton,100073
2013,8,48,garde,99778
2013,8,49,rosberg,93738
2013,8,49,webber,93797
2013,8,49,raikkonen,95384
2013,8,49,alonso,94804
2013,8,49,hamilton,95124
2013,8,49,sutil,97361
2013,8,49,massa,96312
2013,8,49,ricciardo,96270
2013,8,49,grosjean,96019
2013,8,49,resta,95534
2013,8,49,hulkenberg,96051
2013,8,49,maldonado,96132
2013,8,49,button,97619
2013,8,49,bottas,96917
2013,8,49,gutierrez,96868
2013,8,49,pic,97528
2013,8,49,jules_bianchi,98509
2013,8,49,garde,101121
2013,8,49,chilton,101917
2013,8,50,rosberg,93531
2013,8,50,webber,93426
2013,8,50,alonso,94090
2013,8,50,raikkonen,95524
2013,8,50,hamilton,94577
2013,8,50,sutil,96252
2013,8,50,massa,96411
2013,8,50,ricciardo,96433
2013,8,50,resta,95840
2013,8,50,hulkenberg,96309
2013,8,50,grosjean,99475
2013,8,50,maldonado,95980
2013,8,50,button,96956
2013,8,50,bottas,96681
2013,8,50,gutierrez,96834
2013,8,50,pic,97799
2013,8,50,jules_bianchi,98457
2013,8,50,garde,98722
2013,8,50,chilton,99156
2013,8,51,rosberg,93992
2013,8,51,webber,93841
2013,8,51,alonso,94681
2013,8,51,hamilton,94159
2013,8,51,raikkonen,96020
2013,8,51,massa,95273
2013,8,51,sutil,96810
2013,8,51,ricciardo,96108
2013,8,51,resta,98114
2013,8,51,hulkenberg,96764
2013,8,51,maldonado,96101
2013,8,51,grosjean,99749
2013,8,51,button,97017
2013,8,51,bottas,96936
2013,8,51,gutierrez,96775
2013,8,51,pic,97294
2013,8,51,jules_bianchi,97978
2013,8,51,chilton,99453
2013,8,51,garde,101091
2013,8,52,rosberg,93789
2013,8,52,webber,93401
2013,8,52,alonso,94768
2013,8,52,hamilton,94373
2013,8,52,raikkonen,96691
2013,8,52,massa,95759
2013,8,52,sutil,96585
2013,8,52,ricciardo,96416
2013,8,52,resta,95330
2013,8,52,hulkenberg,96328
2013,8,52,maldonado,95907
2013,8,52,bottas,96312
2013,8,52,button,98060
2013,8,52,gutierrez,97075
2013,8,52,pic,97091
2013,8,52,jules_bianchi,98357
2013,8,52,chilton,100238
2013,8,52,garde,99693
