season,raceId,raceName,date,time,circuitId
2011,1,Australian Grand Prix,27-03-2011,06:00:00,albert_park
2011,2,Malaysian Grand Prix,10-04-2011,08:00:00,sepang
2011,3,Chinese Grand Prix,17-04-2011,07:00:00,shanghai
2011,4,Turkish Grand Prix,08-05-2011,12:00:00,istanbul
2011,5,Spanish Grand Prix,22-05-2011,12:00:00,catalunya
2011,6,Monaco Grand Prix,29-05-2011,12:00:00,monaco
2011,7,Canadian Grand Prix,12-06-2011,17:00:00,villeneuve
2011,8,European Grand Prix,26-06-2011,12:00:00,valencia
2011,9,British Grand Prix,10-07-2011,12:00:00,silverstone
2011,10,German Grand Prix,24-07-2011,12:00:00,nurburgring
2011,11,Hungarian Grand Prix,31-07-2011,12:00:00,hungaroring
2011,12,Belgian Grand Prix,28-08-2011,12:00:00,spa
2011,13,Italian Grand Prix,11-09-2011,12:00:00,monza
2011,14,Singapore Grand Prix,25-09-2011,12:00:00,marina_bay
2011,15,Japanese Grand Prix,09-10-2011,06:00:00,suzuka
2011,16,Korean Grand Prix,16-10-2011,06:00:00,yeongam
2011,17,Indian Grand Prix,30-10-2011,09:30:00,buddh
2011,18,Abu Dhabi Grand Prix,13-11-2011,13:00:00,yas_marina
2011,19,Brazilian Grand Prix,27-11-2011,16:00:00,interlagos
2012,1,Australian Grand Prix,18-03-2012,06:00:00,albert_park
2012,2,Malaysian Grand Prix,25-03-2012,08:00:00,sepang
2012,3,Chinese Grand Prix,15-04-2012,07:00:00,shanghai
2012,4,Bahrain Grand Prix,22-04-2012,12:00:00,bahrain
2012,5,Spanish Grand Prix,13-05-2012,12:00:00,catalunya
2012,6,Monaco Grand Prix,27-05-2012,12:00:00,monaco
2012,7,Canadian Grand Prix,10-06-2012,18:00:00,villeneuve
2012,8,European Grand Prix,24-06-2012,12:00:00,valencia
2012,9,British Grand Prix,08-07-2012,12:00:00,silverstone
2012,10,German Grand Prix,22-07-2012,12:00:00,hockenheimring
2012,11,Hungarian Grand Prix,29-07-2012,12:00:00,hungaroring
2012,12,Belgian Grand Prix,02-09-2012,12:00:00,spa
2012,13,Italian Grand Prix,09-09-2012,12:00:00,monza
2012,14,Singapore Grand Prix,23-09-2012,12:00:00,marina_bay
2012,15,Japanese Grand Prix,07-10-2012,06:00:00,suzuka
2012,16,Korean Grand Prix,14-10-2012,06:00:00,yeongam
2012,17,Indian Grand Prix,28-10-2012,09:30:00,buddh
2012,18,Abu Dhabi Grand Prix,04-11-2012,13:00:00,yas_marina
2012,19,United States Grand Prix,18-11-2012,19:00:00,americas
2012,20,Brazilian Grand Prix,25-11-2012,16:00:00,interlagos
2013,1,Australian Grand Prix,17-03-2013,06:00:00,albert_park
2013,2,Malaysian Grand Prix,24-03-2013,08:00:00,sepang
2013,3,Chinese Grand Prix,14-04-2013,07:00:00,shanghai
2013,4,Bahrain Grand Prix,21-04-2013,12:00:00,bahrain
2013,5,Spanish Grand Prix,12-05-2013,12:00:00,catalunya
2013,6,Monaco Grand Prix,26-05-2013,12:00:00,monaco
2013,7,Canadian Grand Prix,09-06-2013,18:00:00,villeneuve
2013,8,British Grand Prix,30-06-2013,12:00:00,silverstone
2013,9,German Grand Prix,07-07-2013,12:00:00,nurburgring
2013,10,Hungarian Grand Prix,28-07-2013,12:00:00,hungaroring
2013,11,Belgian Grand Prix,25-08-2013,12:00:00,spa
2013,12,Italian Grand Prix,08-09-2013,12:00:00,monza
2013,13,Singapore Grand Prix,22-09-2013,12:00:00,marina_bay
2013,14,Korean Grand Prix,06-10-2013,06:00:00,yeongam
2013,15,Japanese Grand Prix,13-10-2013,06:00:00,suzuka
2013,16,Indian Grand Prix,27-10-2013,09:30:00,buddh
2013,17,Abu Dhabi Grand Prix,03-11-2013,13:00:00,yas_marina
2013,18,United States Grand Prix,17-11-2013,19:00:00,americas
2013,19,Brazilian Grand Prix,24-11-2013,16:00:00,interlagos
2014,1,Australian Grand Prix,16-03-2014,06:00:00,albert_park
2014,2,Malaysian Grand Prix,30-03-2014,08:00:00,sepang
2014,3,Bahrain Grand Prix,06-04-2014,15:00:00,bahrain
2014,4,Chinese Grand Prix,20-04-2014,07:00:00,shanghai
2014,5,Spanish Grand Prix,11-05-2014,12:00:00,catalunya
2014,6,Monaco Grand Prix,25-05-2014,12:00:00,monaco
2014,7,Canadian Grand Prix,08-06-2014,18:00:00,villeneuve
2014,8,Austrian Grand Prix,22-06-2014,12:00:00,red_bull_ring
2014,9,British Grand Prix,06-07-2014,12:00:00,silverstone
2014,10,German Grand Prix,20-07-2014,12:00:00,hockenheimring
2014,11,Hungarian Grand Prix,27-07-2014,12:00:00,hungaroring
2014,12,Belgian Grand Prix,24-08-2014,12:00:00,spa
2014,13,Italian Grand Prix,07-09-2014,12:00:00,monza
2014,14,Singapore Grand Prix,21-09-2014,12:00:00,marina_bay
2014,15,Japanese Grand Prix,05-10-2014,06:00:00,suzuka
2014,16,Russian Grand Prix,12-10-2014,11:00:00,sochi
2014,17,United States Grand Prix,02-11-2014,20:00:00,americas
2014,18,Brazilian Grand Prix,09-11-2014,16:00:00,interlagos
2014,19,Abu Dhabi Grand Prix,23-11-2014,13:00:00,yas_marina
2015,1,Australian Grand Prix,15-03-2015,05:00:00,albert_park
2015,2,Malaysian Grand Prix,29-03-2015,07:00:00,sepang
2015,3,Chinese Grand Prix,12-04-2015,06:00:00,shanghai
2015,4,Bahrain Grand Prix,19-04-2015,15:00:00,bahrain
2015,5,Spanish Grand Prix,10-05-2015,12:00:00,catalunya
2015,6,Monaco Grand Prix,24-05-2015,12:00:00,monaco
2015,7,Canadian Grand Prix,07-06-2015,18:00:00,villeneuve
2015,8,Austrian Grand Prix,21-06-2015,12:00:00,red_bull_ring
2015,9,British Grand Prix,05-07-2015,12:00:00,silverstone
2015,10,Hungarian Grand Prix,26-07-2015,12:00:00,hungaroring
2015,11,Belgian Grand Prix,23-08-2015,12:00:00,spa
2015,12,Italian Grand Prix,06-09-2015,12:00:00,monza
2015,13,Singapore Grand Prix,20-09-2015,12:00:00,marina_bay
2015,14,Japanese Grand Prix,27-09-2015,05:00:00,suzuka
2015,15,Russian Grand Prix,11-10-2015,11:00:00,sochi
2015,16,United States Grand Prix,25-10-2015,19:00:00,americas
2015,17,Mexican Grand Prix,01-11-2015,19:00:00,rodriguez
2015,18,Brazilian Grand Prix,15-11-2015,16:00:00,interlagos
2015,19,Abu Dhabi Grand Prix,29-11-2015,13:00:00,yas_marina
2016,1,Australian Grand Prix,20-03-2016,05:00:00,albert_park
2016,2,Bahrain Grand Prix,03-04-2016,15:00:00,bahrain
2016,3,Chinese Grand Prix,17-04-2016,06:00:00,shanghai
2016,4,Russian Grand Prix,01-05-2016,12:00:00,sochi
2016,5,Spanish Grand Prix,15-05-2016,12:00:00,catalunya
2016,6,Monaco Grand Prix,29-05-2016,12:00:00,monaco
2016,7,Canadian Grand Prix,12-06-2016,18:00:00,villeneuve
2016,8,European Grand Prix,19-06-2016,13:00:00,baku
2016,9,Austrian Grand Prix,03-07-2016,12:00:00,red_bull_ring
2016,10,British Grand Prix,10-07-2016,12:00:00,silverstone
2016,11,Hungarian Grand Prix,24-07-2016,12:00:00,hungaroring
2016,12,German Grand Prix,31-07-2016,12:00:00,hockenheimring
2016,13,Belgian Grand Prix,28-08-2016,12:00:00,spa
2016,14,Italian Grand Prix,04-09-2016,12:00:00,monza
2016,15,Singapore Grand Prix,18-09-2016,12:00:00,marina_bay
2016,16,Malaysian Grand Prix,02-10-2016,07:00:00,sepang
2016,17,Japanese Grand Prix,09-10-2016,05:00:00,suzuka
2016,18,United States Grand Prix,23-10-2016,19:00:00,americas
2016,19,Mexican Grand Prix,30-10-2016,19:00:00,rodriguez
2016,20,Brazilian Grand Prix,13-11-2016,16:00:00,interlagos
2016,21,Abu Dhabi Grand Prix,27-11-2016,13:00:00,yas_marina
2017,1,Australian Grand Prix,26-03-2017,05:00:00,albert_park
2017,2,Chinese Grand Prix,09-04-2017,06:00:00,shanghai
2017,3,Bahrain Grand Prix,16-04-2017,15:00:00,bahrain
2017,4,Russian Grand Prix,30-04-2017,12:00:00,sochi
2017,5,Spanish Grand Prix,14-05-2017,12:00:00,catalunya
2017,6,Monaco Grand Prix,28-05-2017,12:00:00,monaco
2017,7,Canadian Grand Prix,11-06-2017,18:00:00,villeneuve
2017,8,Azerbaijan Grand Prix,25-06-2017,13:00:00,baku
2017,9,Austrian Grand Prix,09-07-2017,12:00:00,red_bull_ring
2017,10,British Grand Prix,16-07-2017,12:00:00,silverstone
2017,11,Hungarian Grand Prix,30-07-2017,12:00:00,hungaroring
2017,12,Belgian Grand Prix,27-08-2017,12:00:00,spa
2017,13,Italian Grand Prix,03-09-2017,12:00:00,monza
2017,14,Singapore Grand Prix,17-09-2017,12:00:00,marina_bay
2017,15,Malaysian Grand Prix,01-10-2017,07:00:00,sepang
2017,16,Japanese Grand Prix,08-10-2017,05:00:00,suzuka
2017,17,United States Grand Prix,22-10-2017,19:00:00,americas
2017,18,Mexican Grand Prix,29-10-2017,19:00:00,rodriguez
2017,19,Brazilian Grand Prix,12-11-2017,16:00:00,interlagos
2017,20,Abu Dhabi Grand Prix,26-11-2017,13:00:00,yas_marina
2018,1,Australian Grand Prix,25-03-2018,05:10:00,albert_park
2018,2,Bahrain Grand Prix,08-04-2018,15:10:00,bahrain
2018,3,Chinese Grand Prix,15-04-2018,06:10:00,shanghai
2018,4,Azerbaijan Grand Prix,29-04-2018,12:10:00,baku
2018,5,Spanish Grand Prix,13-05-2018,13:10:00,catalunya
2018,6,Monaco Grand Prix,27-05-2018,13:10:00,monaco
2018,7,Canadian Grand Prix,10-06-2018,18:10:00,villeneuve
2018,8,French Grand Prix,24-06-2018,14:10:00,ricard
2018,9,Austrian Grand Prix,01-07-2018,13:10:00,red_bull_ring
2018,10,British Grand Prix,08-07-2018,13:10:00,silverstone
2018,11,German Grand Prix,22-07-2018,13:10:00,hockenheimring
2018,12,Hungarian Grand Prix,29-07-2018,13:10:00,hungaroring
2018,13,Belgian Grand Prix,26-08-2018,13:10:00,spa
2018,14,Italian Grand Prix,02-09-2018,13:10:00,monza
2018,15,Singapore Grand Prix,16-09-2018,12:10:00,marina_bay
2018,16,Russian Grand Prix,30-09-2018,11:10:00,sochi
2018,17,Japanese Grand Prix,07-10-2018,05:10:00,suzuka
2018,18,United States Grand Prix,21-10-2018,18:10:00,americas
2018,19,Mexican Grand Prix,28-10-2018,19:10:00,rodriguez
2018,20,Brazilian Grand Prix,11-11-2018,17:10:00,interlagos
2018,21,Abu Dhabi Grand Prix,25-11-2018,13:10:00,yas_marina
2019,1,Australian Grand Prix,17-03-2019,05:10:00,albert_park
2019,2,Bahrain Grand Prix,31-03-2019,15:10:00,bahrain
2019,3,Chinese Grand Prix,14-04-2019,06:10:00,shanghai
2019,4,Azerbaijan Grand Prix,28-04-2019,12:10:00,baku
2019,5,Spanish Grand Prix,12-05-2019,13:10:00,catalunya
2019,6,Monaco Grand Prix,26-05-2019,13:10:00,monaco
2019,7,Canadian Grand Prix,09-06-2019,18:10:00,villeneuve
2019,8,French Grand Prix,23-06-2019,13:10:00,ricard
2019,9,Austrian Grand Prix,30-06-2019,13:10:00,red_bull_ring
2019,10,British Grand Prix,14-07-2019,13:10:00,silverstone
2019,11,German Grand Prix,28-07-2019,13:10:00,hockenheimring
2019,12,Hungarian Grand Prix,04-08-2019,13:10:00,hungaroring
2019,13,Belgian Grand Prix,01-09-2019,13:10:00,spa
2019,14,Italian Grand Prix,08-09-2019,13:10:00,monza
2019,15,Singapore Grand Prix,22-09-2019,12:10:00,marina_bay
2019,16,Russian Grand Prix,29-09-2019,11:10:00,sochi
2019,17,Japanese Grand Prix,13-10-2019,05:10:00,suzuka
2019,18,Mexican Grand Prix,27-10-2019,19:10:00,rodriguez
2019,19,United States Grand Prix,03-11-2019,19:10:00,americas
2019,20,Brazilian Grand Prix,17-11-2019,17:10:00,interlagos
2019,21,Abu Dhabi Grand Prix,01-12-2019,13:10:00,yas_marina
2020,1,Austrian Grand Prix,05-07-2020,13:10:00,red_bull_ring
2020,2,Styrian Grand Prix,12-07-2020,13:10:00,red_bull_ring
2020,3,Hungarian Grand Prix,19-07-2020,13:10:00,hungaroring
2020,4,British Grand Prix,02-08-2020,13:10:00,silverstone
2020,5,70th Anniversary Grand Prix,09-08-2020,13:10:00,silverstone
2020,6,Spanish Grand Prix,16-08-2020,13:10:00,catalunya
2020,7,Belgian Grand Prix,30-08-2020,13:10:00,spa
2020,8,Italian Grand Prix,06-09-2020,13:10:00,monza
2020,9,Tuscan Grand Prix,13-09-2020,13:10:00,mugello
2020,10,Russian Grand Prix,27-09-2020,11:10:00,sochi
2020,11,Eifel Grand Prix,11-10-2020,13:10:00,nurburgring
2020,12,Portuguese Grand Prix,25-10-2020,12:10:00,portimao
2020,13,Emilia Romagna Grand Prix,01-11-2020,12:10:00,imola
2020,14,Turkish Grand Prix,15-11-2020,10:10:00,istanbul
2020,15,Bahrain Grand Prix,29-11-2020,14:10:00,bahrain
2020,16,Sakhir Grand Prix,06-12-2020,17:10:00,bahrain
2020,17,Abu Dhabi Grand Prix,13-12-2020,13:10:00,yas_marina
2021,1,Bahrain Grand Prix,28-03-2021,15:00:00,bahrain
2021,2,Emilia Romagna Grand Prix,18-04-2021,13:00:00,imola
2021,3,Portuguese Grand Prix,02-05-2021,14:00:00,portimao
2021,4,Spanish Grand Prix,09-05-2021,13:00:00,catalunya
2021,5,Monaco Grand Prix,23-05-2021,13:00:00,monaco
2021,6,Azerbaijan Grand Prix,06-06-2021,12:00:00,baku
2021,7,French Grand Prix,20-06-2021,13:00:00,ricard
2021,8,Styrian Grand Prix,27-06-2021,13:00:00,red_bull_ring
2021,9,Austrian Grand Prix,04-07-2021,13:00:00,red_bull_ring
2021,10,British Grand Prix,18-07-2021,14:00:00,silverstone
2021,11,Hungarian Grand Prix,01-08-2021,13:00:00,hungaroring
2021,12,Belgian Grand Prix,29-08-2021,13:00:00,spa
2021,13,Dutch Grand Prix,05-09-2021,13:00:00,zandvoort
2021,14,Italian Grand Prix,12-09-2021,13:00:00,monza
2021,15,Russian Grand Prix,26-09-2021,12:00:00,sochi
2021,16,Turkish Grand Prix,10-10-2021,12:00:00,istanbul
2021,17,United States Grand Prix,24-10-2021,19:00:00,americas
2021,18,Mexico City Grand Prix,07-11-2021,19:00:00,rodriguez
2021,19,São Paulo Grand Prix,14-11-2021,17:00:00,interlagos
2021,20,Qatar Grand Prix,21-11-2021,14:00:00,losail
2021,21,Saudi Arabian Grand Prix,05-12-2021,17:30:00,jeddah
2021,22,Abu Dhabi Grand Prix,12-12-2021,13:00:00,yas_marina
2022,1,Bahrain Grand Prix,20-03-2022,15:00:00,bahrain
2022,2,Saudi Arabian Grand Prix,27-03-2022,17:00:00,jeddah
2022,3,Australian Grand Prix,10-04-2022,05:00:00,albert_park
2022,4,Emilia Romagna Grand Prix,24-04-2022,13:00:00,imola
2022,5,Miami Grand Prix,08-05-2022,19:30:00,miami
2022,6,Spanish Grand Prix,22-05-2022,13:00:00,catalunya
2022,7,Monaco Grand Prix,29-05-2022,13:00:00,monaco
2022,8,Azerbaijan Grand Prix,12-06-2022,11:00:00,baku
2022,9,Canadian Grand Prix,19-06-2022,18:00:00,villeneuve
2022,10,British Grand Prix,03-07-2022,14:00:00,silverstone
2022,11,Austrian Grand Prix,10-07-2022,13:00:00,red_bull_ring
2022,12,French Grand Prix,24-07-2022,13:00:00,ricard
2022,13,Hungarian Grand Prix,31-07-2022,13:00:00,hungaroring
2022,14,Belgian Grand Prix,28-08-2022,13:00:00,spa
2022,15,Dutch Grand Prix,04-09-2022,13:00:00,zandvoort
2022,16,Italian Grand Prix,11-09-2022,13:00:00,monza
2022,17,Singapore Grand Prix,02-10-2022,12:00:00,marina_bay
2022,18,Japanese Grand Prix,09-10-2022,05:00:00,suzuka
2022,19,United States Grand Prix,23-10-2022,19:00:00,americas
2022,20,Mexico City Grand Prix,30-10-2022,20:00:00,rodriguez
2022,21,São Paulo Grand Prix,13-11-2022,18:00:00,interlagos
2022,22,Abu Dhabi Grand Prix,20-11-2022,13:00:00,yas_marina
2023,1,Bahrain Grand Prix,05-03-2023,15:00:00,bahrain
2023,2,Saudi Arabian Grand Prix,19-03-2023,17:00:00,jeddah
2023,3,Australian Grand Prix,02-04-2023,05:00:00,albert_park
2023,4,Azerbaijan Grand Prix,30-04-2023,11:00:00,baku
2023,5,Miami Grand Prix,07-05-2023,19:30:00,miami
2023,6,Monaco Grand Prix,28-05-2023,13:00:00,monaco
2023,7,Spanish Grand Prix,04-06-2023,13:00:00,catalunya
2023,8,Canadian Grand Prix,18-06-2023,18:00:00,villeneuve
2023,9,Austrian Grand Prix,02-07-2023,13:00:00,red_bull_ring
2023,10,British Grand Prix,09-07-2023,14:00:00,silverstone
2023,11,Hungarian Grand Prix,23-07-2023,13:00:00,hungaroring
2023,12,Belgian Grand Prix,30-07-2023,13:00:00,spa
2023,13,Dutch Grand Prix,27-08-2023,13:00:00,zandvoort
2023,14,Italian Grand Prix,03-09-2023,13:00:00,monza
2023,15,Singapore Grand Prix,17-09-2023,12:00:00,marina_bay
2023,16,Japanese Grand Prix,24-09-2023,05:00:00,suzuka
2023,17,Qatar Grand Prix,08-10-2023,17:00:00,losail
2023,18,United States Grand Prix,22-10-2023,19:00:00,americas
2023,19,Mexico City Grand Prix,29-10-2023,20:00:00,rodriguez
2023,20,São Paulo Grand Prix,05-11-2023,17:00:00,interlagos
2023,21,Las Vegas Grand Prix,19-11-2023,06:00:00,vegas
2023,22,Abu Dhabi Grand Prix,26-11-2023,13:00:00,yas_marina
2024,1,Bahrain Grand Prix,02-03-2024,15:00:00,bahrain
2024,2,Saudi Arabian Grand Prix,09-03-2024,17:00:00,jeddah
2024,3,Australian Grand Prix,24-03-2024,04:00:00,albert_park
2024,4,Japanese Grand Prix,07-04-2024,05:00:00,suzuka
2024,5,Chinese Grand Prix,21-04-2024,07:00:00,shanghai
2024,6,Miami Grand Prix,05-05-2024,20:00:00,miami
2024,7,Emilia Romagna Grand Prix,19-05-2024,13:00:00,imola
2024,8,Monaco Grand Prix,26-05-2024,13:00:00,monaco
2024,9,Canadian Grand Prix,09-06-2024,18:00:00,villeneuve
2024,10,Spanish Grand Prix,23-06-2024,13:00:00,catalunya
2024,11,Austrian Grand Prix,30-06-2024,13:00:00,red_bull_ring
2024,12,British Grand Prix,07-07-2024,14:00:00,silverstone
2024,13,Hungarian Grand Prix,21-07-2024,13:00:00,hungaroring
2024,14,Belgian Grand Prix,28-07-2024,13:00:00,spa
2024,15,Dutch Grand Prix,25-08-2024,13:00:00,zandvoort
2024,16,Italian Grand Prix,01-09-2024,13:00:00,monza
2024,17,Azerbaijan Grand Prix,15-09-2024,11:00:00,baku
2024,18,Singapore Grand Prix,22-09-2024,12:00:00,marina_bay
2024,19,United States Grand Prix,20-10-2024,19:00:00,americas
2024,20,Mexico City Grand Prix,27-10-2024,20:00:00,rodriguez
2024,21,São Paulo Grand Prix,03-11-2024,17:00:00,interlagos
2024,22,Las Vegas Grand Prix,23-11-2024,06:00:00,vegas
2024,23,Qatar Grand Prix,01-12-2024,16:00:00,losail
2024,24,Abu Dhabi Grand Prix,08-12-2024,13:00:00,yas_marina
2025,1,Australian Grand Prix,16-03-2025,04:00:00,albert_park
2025,2,Chinese Grand Prix,23-03-2025,07:00:00,shanghai
2025,3,Japanese Grand Prix,06-04-2025,05:00:00,suzuka
2025,4,Bahrain Grand Prix,13-04-2025,15:00:00,bahrain
2025,5,Saudi Arabian Grand Prix,20-04-2025,17:00:00,jeddah
2025,6,Miami Grand Prix,04-05-2025,20:00:00,miami
2025,7,Emilia Romagna Grand Prix,18-05-2025,13:00:00,imola
2025,8,Monaco Grand Prix,25-05-2025,13:00:00,monaco
2025,9,Spanish Grand Prix,01-06-2025,13:00:00,catalunya
2025,10,Canadian Grand Prix,15-06-2025,18:00:00,villeneuve
2025,11,Austrian Grand Prix,29-06-2025,13:00:00,red_bull_ring
2025,12,British Grand Prix,06-07-2025,14:00:00,silverstone
2025,13,Belgian Grand Prix,27-07-2025,13:00:00,spa
2025,14,Hungarian Grand Prix,03-08-2025,13:00:00,hungaroring
2025,15,Dutch Grand Prix,31-08-2025,13:00:00,zandvoort
2025,16,Italian Grand Prix,07-09-2025,13:00:00,monza
2025,17,Azerbaijan Grand Prix,21-09-2025,11:00:00,baku
2025,18,Singapore Grand Prix,05-10-2025,12:00:00,marina_bay
2025,19,United States Grand Prix,19-10-2025,19:00:00,americas
2025,20,Mexico City Grand Prix,26-10-2025,20:00:00,rodriguez
2025,21,São Paulo Grand Prix,09-11-2025,17:00:00,interlagos
2025,22,Las Vegas Grand Prix,23-11-2025,04:00:00,vegas
2025,23,Qatar Grand Prix,30-11-2025,16:00:00,losail
2025,24,Abu Dhabi Grand Prix,07-12-2025,13:00:00,yas_marina
